Workbook
Name Slicer_Years__created_date1: #N/A

Sheet Subscription Cohort Data
A1: customer_id | B1: created_date | C1: canceled_date | D1: was_subscription_paid | E1: subscription_cost | F1: subscription_interval | G1: Cancellation Duration | H1: weekday
A2: 154536156 | B2: 44805 | C2: Active | D2: Yes | E2: 39 | F2: month | G2: =IF(C2="Active","Active",C2-B2) -> Active | H2: =TEXT(B2,"dddd") -> Thursday | J2: 44879 | K2: =COUNTIF($B$2:$B$3070,J2) -> 20
A3: 149713408 | B3: 44805 | C3: 44806 | D3: No | E3: 39 | F3: month | G3: =IF(C3="Active","Active",C3-B3) -> 1 | H3: =TEXT(B3,"dddd") -> Thursday | J3: 45054 | K3: =COUNTIF($B$2:$B$3070,J3) -> 20
A4: 153756284 | B4: 44805 | C4: 44806 | D4: No | E4: 39 | F4: month | G4: =IF(C4="Active","Active",C4-B4) -> 1 | H4: =TEXT(B4,"dddd") -> Thursday | J4: 44958 | K4: =COUNTIF($B$2:$B$3070,J4) -> 19
A5: 121253113 | B5: 44805 | C5: 44827 | D5: Yes | E5: 39 | F5: month | G5: =IF(C5="Active","Active",C5-B5) -> 22 | H5: =TEXT(B5,"dddd") -> Thursday | J5: 44963 | K5: =COUNTIF($B$2:$B$3070,J5) -> 19
A6: 154467210 | B6: 44805 | C6: 45106 | D6: Yes | E6: 39 | F6: month | G6: =IF(C6="Active","Active",C6-B6) -> 301 | H6: =TEXT(B6,"dddd") -> Thursday | J6: 44809 | K6: =COUNTIF($B$2:$B$3070,J6) -> 18
A7: 154510811 | B7: 44805 | C7: 45054 | D7: Yes | E7: 39 | F7: month | G7: =IF(C7="Active","Active",C7-B7) -> 249 | H7: =TEXT(B7,"dddd") -> Thursday | J7: 45132 | K7: =COUNTIF($B$2:$B$3070,J7) -> 18
A8: 154494346 | B8: 44805 | C8: 44891 | D8: Yes | E8: 39 | F8: month | G8: =IF(C8="Active","Active",C8-B8) -> 86 | H8: =TEXT(B8,"dddd") -> Thursday | J8: 44896 | K8: =COUNTIF($B$2:$B$3070,J8) -> 17
A9: 148671505 | B9: 44805 | C9: 44888 | D9: Yes | E9: 39 | F9: month | G9: =IF(C9="Active","Active",C9-B9) -> 83 | H9: =TEXT(B9,"dddd") -> Thursday | J9: 44872 | K9: =COUNTIF($B$2:$B$3070,J9) -> 16
A10: 154568379 | B10: 44805 | C10: 44859 | D10: Yes | E10: 39 | F10: month | G10: =IF(C10="Active","Active",C10-B10) -> 54 | H10: =TEXT(B10,"dddd") -> Thursday | J10: 44944 | K10: =COUNTIF($B$2:$B$3070,J10) -> 16
A11: 154428434 | B11: 44805 | C11: 44865 | D11: Yes | E11: 39 | F11: month | G11: =IF(C11="Active","Active",C11-B11) -> 60 | H11: =TEXT(B11,"dddd") -> Thursday | J11: 44952 | K11: =COUNTIF($B$2:$B$3070,J11) -> 16
A12: 154601651 | B12: 44805 | C12: 44830 | D12: Yes | E12: 39 | F12: month | G12: =IF(C12="Active","Active",C12-B12) -> 25 | H12: =TEXT(B12,"dddd") -> Thursday | J12: 44966 | K12: =COUNTIF($B$2:$B$3070,J12) -> 16
A13: 122824692 | B13: 44805 | C13: 44819 | D13: Yes | E13: 39 | F13: month | G13: =IF(C13="Active","Active",C13-B13) -> 14 | H13: =TEXT(B13,"dddd") -> Thursday | J13: 45076 | K13: =COUNTIF($B$2:$B$3070,J13) -> 16
A14: 152925600 | B14: 44806 | C14: Active | D14: Yes | E14: 39 | F14: month | G14: =IF(C14="Active","Active",C14-B14) -> Active | H14: =TEXT(B14,"dddd") -> Friday | J14: 45077 | K14: =COUNTIF($B$2:$B$3070,J14) -> 16
A15: 151154171 | B15: 44806 | C15: 44806 | D15: Yes | E15: 39 | F15: month | G15: =IF(C15="Active","Active",C15-B15) -> 0 | H15: =TEXT(B15,"dddd") -> Friday | J15: 45098 | K15: =COUNTIF($B$2:$B$3070,J15) -> 16
A16: 154640950 | B16: 44806 | C16: 44904 | D16: Yes | E16: 39 | F16: month | G16: =IF(C16="Active","Active",C16-B16) -> 98 | H16: =TEXT(B16,"dddd") -> Friday | J16: 45103 | K16: =COUNTIF($B$2:$B$3070,J16) -> 16
A17: 154617329 | B17: 44806 | C17: 44861 | D17: Yes | E17: 39 | F17: month | G17: =IF(C17="Active","Active",C17-B17) -> 55 | H17: =TEXT(B17,"dddd") -> Friday | J17: 45117 | K17: =COUNTIF($B$2:$B$3070,J17) -> 16
A18: 154089211 | B18: 44806 | C18: 44843 | D18: Yes | E18: 39 | F18: month | G18: =IF(C18="Active","Active",C18-B18) -> 37 | H18: =TEXT(B18,"dddd") -> Friday | J18: 45118 | K18: =COUNTIF($B$2:$B$3070,J18) -> 16
A19: 154653820 | B19: 44806 | C19: 44830 | D19: Yes | E19: 39 | F19: month | G19: =IF(C19="Active","Active",C19-B19) -> 24 | H19: =TEXT(B19,"dddd") -> Friday | J19: 45141 | K19: =COUNTIF($B$2:$B$3070,J19) -> 16
A20: 154131290 | B20: 44807 | C20: Active | D20: Yes | E20: 39 | F20: month | G20: =IF(C20="Active","Active",C20-B20) -> Active | H20: =TEXT(B20,"dddd") -> Saturday | J20: 44938 | K20: =COUNTIF($B$2:$B$3070,J20) -> 15
A21: 154434009 | B21: 44807 | C21: Active | D21: Yes | E21: 39 | F21: month | G21: =IF(C21="Active","Active",C21-B21) -> Active | H21: =TEXT(B21,"dddd") -> Saturday | J21: 44953 | K21: =COUNTIF($B$2:$B$3070,J21) -> 15
A22: 136108848 | B22: 44807 | C22: 44808 | D22: Yes | E22: 39 | F22: month | G22: =IF(C22="Active","Active",C22-B22) -> 1 | H22: =TEXT(B22,"dddd") -> Saturday | J22: 44977 | K22: =COUNTIF($B$2:$B$3070,J22) -> 15
A23: 135185873 | B23: 44807 | C23: 45056 | D23: Yes | E23: 39 | F23: month | G23: =IF(C23="Active","Active",C23-B23) -> 249 | H23: =TEXT(B23,"dddd") -> Saturday | J23: 45072 | K23: =COUNTIF($B$2:$B$3070,J23) -> 15
A24: 154592664 | B24: 44807 | C24: 45017 | D24: Yes | E24: 39 | F24: month | G24: =IF(C24="Active","Active",C24-B24) -> 210 | H24: =TEXT(B24,"dddd") -> Saturday | J24: 45097 | K24: =COUNTIF($B$2:$B$3070,J24) -> 15
A25: 119436804 | B25: 44807 | C25: 45026 | D25: Yes | E25: 39 | F25: month | G25: =IF(C25="Active","Active",C25-B25) -> 219 | H25: =TEXT(B25,"dddd") -> Saturday | J25: 45099 | K25: =COUNTIF($B$2:$B$3070,J25) -> 15
A26: 152929657 | B26: 44807 | C26: 44888 | D26: Yes | E26: 39 | F26: month | G26: =IF(C26="Active","Active",C26-B26) -> 81 | H26: =TEXT(B26,"dddd") -> Saturday | J26: 45140 | K26: =COUNTIF($B$2:$B$3070,J26) -> 15
A27: 154708974 | B27: 44807 | C27: 44852 | D27: Yes | E27: 39 | F27: month | G27: =IF(C27="Active","Active",C27-B27) -> 45 | H27: =TEXT(B27,"dddd") -> Saturday | J27: 45173 | K27: =COUNTIF($B$2:$B$3070,J27) -> 15
A28: 154567722 | B28: 44807 | C28: 44833 | D28: Yes | E28: 39 | F28: month | G28: =IF(C28="Active","Active",C28-B28) -> 26 | H28: =TEXT(B28,"dddd") -> Saturday | J28: 44959 | K28: =COUNTIF($B$2:$B$3070,J28) -> 14
A29: 154719788 | B29: 44807 | C29: 44829 | D29: Yes | E29: 39 | F29: month | G29: =IF(C29="Active","Active",C29-B29) -> 22 | H29: =TEXT(B29,"dddd") -> Saturday | J29: 44987 | K29: =COUNTIF($B$2:$B$3070,J29) -> 14
A30: 154809306 | B30: 44808 | C30: 44809 | D30: Yes | E30: 39 | F30: month | G30: =IF(C30="Active","Active",C30-B30) -> 1 | H30: =TEXT(B30,"dddd") -> Sunday | J30: 45040 | K30: =COUNTIF($B$2:$B$3070,J30) -> 14
A31: 140391539 | B31: 44808 | C31: 45021 | D31: Yes | E31: 39 | F31: month | G31: =IF(C31="Active","Active",C31-B31) -> 213 | H31: =TEXT(B31,"dddd") -> Sunday | J31: 45055 | K31: =COUNTIF($B$2:$B$3070,J31) -> 14
A32: 153194806 | B32: 44808 | C32: 45032 | D32: Yes | E32: 39 | F32: month | G32: =IF(C32="Active","Active",C32-B32) -> 224 | H32: =TEXT(B32,"dddd") -> Sunday | J32: 45107 | K32: =COUNTIF($B$2:$B$3070,J32) -> 14
A33: 144402204 | B33: 44808 | C33: 44826 | D33: Yes | E33: 39 | F33: month | G33: =IF(C33="Active","Active",C33-B33) -> 18 | H33: =TEXT(B33,"dddd") -> Sunday | J33: 45124 | K33: =COUNTIF($B$2:$B$3070,J33) -> 14
... A38: 153368891 | B38: 44808 | C38: 44845 | D38: Yes | E38: 39 | F38: month | G38: =IF(C38="Active","Active",C38-B38) -> 37 | H38: =TEXT(B38,"dddd") -> Sunday | J38: 44819 | K38: =COUNTIF($B$2:$B$3070,J38) -> 13
A39: 154225450 | B39: 44809 | C39: Active | D39: Yes | E39: 39 | F39: month | G39: =IF(C39="Active","Active",C39-B39) -> Active | H39: =TEXT(B39,"dddd") -> Monday | J39: 44837 | K39: =COUNTIF($B$2:$B$3070,J39) -> 13
A40: 154904040 | B40: 44809 | C40: 44810 | D40: Yes | E40: 39 | F40: month | G40: =IF(C40="Active","Active",C40-B40) -> 1 | H40: =TEXT(B40,"dddd") -> Monday | J40: 44897 | K40: =COUNTIF($B$2:$B$3070,J40) -> 13
A41: 127604200 | B41: 44809 | C41: 44840 | D41: Yes | E41: 39 | F41: month | G41: =IF(C41="Active","Active",C41-B41) -> 31 | H41: =TEXT(B41,"dddd") -> Monday | J41: 44951 | K41: =COUNTIF($B$2:$B$3070,J41) -> 13
A42: 154913576 | B42: 44809 | C42: 44998 | D42: Yes | E42: 39 | F42: month | G42: =IF(C42="Active","Active",C42-B42) -> 189 | H42: =TEXT(B42,"dddd") -> Monday | J42: 44965 | K42: =COUNTIF($B$2:$B$3070,J42) -> 13
A43: 154910432 | B43: 44809 | C43: 44998 | D43: Yes | E43: 39 | F43: month | G43: =IF(C43="Active","Active",C43-B43) -> 189 | H43: =TEXT(B43,"dddd") -> Monday | J43: 44976 | K43: =COUNTIF($B$2:$B$3070,J43) -> 13
A44: 154911229 | B44: 44809 | C44: 44997 | D44: Yes | E44: 39 | F44: month | G44: =IF(C44="Active","Active",C44-B44) -> 188 | H44: =TEXT(B44,"dddd") -> Monday | J44: 44979 | K44: =COUNTIF($B$2:$B$3070,J44) -> 13
A45: 154518837 | B45: 44809 | C45: 44929 | D45: Yes | E45: 39 | F45: month | G45: =IF(C45="Active","Active",C45-B45) -> 120 | H45: =TEXT(B45,"dddd") -> Monday | J45: 44986 | K45: =COUNTIF($B$2:$B$3070,J45) -> 13
A46: 154910009 | B46: 44809 | C46: 44965 | D46: Yes | E46: 39 | F46: month | G46: =IF(C46="Active","Active",C46-B46) -> 156 | H46: =TEXT(B46,"dddd") -> Monday | J46: 45112 | K46: =COUNTIF($B$2:$B$3070,J46) -> 13
A47: 154911693 | B47: 44809 | C47: 44965 | D47: Yes | E47: 39 | F47: month | G47: =IF(C47="Active","Active",C47-B47) -> 156 | H47: =TEXT(B47,"dddd") -> Monday | J47: 45159 | K47: =COUNTIF($B$2:$B$3070,J47) -> 13
A48: 154894177 | B48: 44809 | C48: 44907 | D48: Yes | E48: 39 | F48: month | G48: =IF(C48="Active","Active",C48-B48) -> 98 | H48: =TEXT(B48,"dddd") -> Monday | J48: 45174 | K48: =COUNTIF($B$2:$B$3070,J48) -> 13
A49: 154494026 | B49: 44809 | C49: 44907 | D49: Yes | E49: 39 | F49: month | G49: =IF(C49="Active","Active",C49-B49) -> 98 | H49: =TEXT(B49,"dddd") -> Monday | J49: 44805 | K49: =COUNTIF($B$2:$B$3070,J49) -> 12 | L49: =MAX(K49:K418) -> 12
A50: 154245189 | B50: 44809 | C50: 44891 | D50: Yes | E50: 39 | F50: month | G50: =IF(C50="Active","Active",C50-B50) -> 82 | H50: =TEXT(B50,"dddd") -> Monday | J50: 44984 | K50: =COUNTIF($B$2:$B$3070,J50) -> 12
A51: 154604182 | B51: 44809 | C51: 44853 | D51: Yes | E51: 39 | F51: month | G51: =IF(C51="Active","Active",C51-B51) -> 44 | H51: =TEXT(B51,"dddd") -> Monday | J51: 44994 | K51: =COUNTIF($B$2:$B$3070,J51) -> 12
A52: 154711552 | B52: 44809 | C52: 44839 | D52: Yes | E52: 39 | F52: month | G52: =IF(C52="Active","Active",C52-B52) -> 30 | H52: =TEXT(B52,"dddd") -> Monday | J52: 45000 | K52: =COUNTIF($B$2:$B$3070,J52) -> 12
A53: 154827564 | B53: 44809 | C53: 44843 | D53: Yes | E53: 39 | F53: month | G53: =IF(C53="Active","Active",C53-B53) -> 34 | H53: =TEXT(B53,"dddd") -> Monday | J53: 45008 | K53: =COUNTIF($B$2:$B$3070,J53) -> 12
A54: 143581543 | B54: 44809 | C54: 44846 | D54: Yes | E54: 39 | F54: month | G54: =IF(C54="Active","Active",C54-B54) -> 37 | H54: =TEXT(B54,"dddd") -> Monday | J54: 45013 | K54: =COUNTIF($B$2:$B$3070,J54) -> 12
A55: 154867798 | B55: 44809 | C55: 44839 | D55: Yes | E55: 39 | F55: month | G55: =IF(C55="Active","Active",C55-B55) -> 30 | H55: =TEXT(B55,"dddd") -> Monday | J55: 45033 | K55: =COUNTIF($B$2:$B$3070,J55) -> 12
A56: 154863996 | B56: 44809 | C56: 44813 | D56: Yes | E56: 39 | F56: month | G56: =IF(C56="Active","Active",C56-B56) -> 4 | H56: =TEXT(B56,"dddd") -> Monday | J56: 45058 | K56: =COUNTIF($B$2:$B$3070,J56) -> 12
A57: 154923423 | B57: 44810 | C57: Active | D57: Yes | E57: 39 | F57: month | G57: =IF(C57="Active","Active",C57-B57) -> Active | H57: =TEXT(B57,"dddd") -> Tuesday | J57: 45062 | K57: =COUNTIF($B$2:$B$3070,J57) -> 12
A58: 134664128 | B58: 44810 | C58: Active | D58: Yes | E58: 39 | F58: month | G58: =IF(C58="Active","Active",C58-B58) -> Active | H58: =TEXT(B58,"dddd") -> Tuesday | J58: 45071 | K58: =COUNTIF($B$2:$B$3070,J58) -> 12
A59: 154828806 | B59: 44810 | C59: 44885 | D59: Yes | E59: 39 | F59: month | G59: =IF(C59="Active","Active",C59-B59) -> 75 | H59: =TEXT(B59,"dddd") -> Tuesday | J59: 45089 | K59: =COUNTIF($B$2:$B$3070,J59) -> 12
A60: 154934030 | B60: 44810 | C60: 44878 | D60: Yes | E60: 39 | F60: month | G60: =IF(C60="Active","Active",C60-B60) -> 68 | H60: =TEXT(B60,"dddd") -> Tuesday | J60: 45092 | K60: =COUNTIF($B$2:$B$3070,J60) -> 12
A61: 153671424 | B61: 44810 | C61: 44847 | D61: Yes | E61: 39 | F61: month | G61: =IF(C61="Active","Active",C61-B61) -> 37 | H61: =TEXT(B61,"dddd") -> Tuesday | J61: 45104 | K61: =COUNTIF($B$2:$B$3070,J61) -> 12
A62: 154693818 | B62: 44810 | C62: 44847 | D62: Yes | E62: 39 | F62: month | G62: =IF(C62="Active","Active",C62-B62) -> 37 | H62: =TEXT(B62,"dddd") -> Tuesday | J62: 45146 | K62: =COUNTIF($B$2:$B$3070,J62) -> 12
A63: 154110938 | B63: 44810 | C63: 44830 | D63: Yes | E63: 39 | F63: month | G63: =IF(C63="Active","Active",C63-B63) -> 20 | H63: =TEXT(B63,"dddd") -> Tuesday | J63: 45152 | K63: =COUNTIF($B$2:$B$3070,J63) -> 12
A64: 154809306 | B64: 44810 | C64: 44832 | D64: Yes | E64: 39 | F64: month | G64: =IF(C64="Active","Active",C64-B64) -> 22 | H64: =TEXT(B64,"dddd") -> Tuesday | J64: 45154 | K64: =COUNTIF($B$2:$B$3070,J64) -> 12
A65: 154537244 | B65: 44811 | C65: Active | D65: Yes | E65: 39 | F65: month | G65: =IF(C65="Active","Active",C65-B65) -> Active | H65: =TEXT(B65,"dddd") -> Wednesday | J65: 44851 | K65: =COUNTIF($B$2:$B$3070,J65) -> 11
A66: 154163218 | B66: 44811 | C66: Active | D66: Yes | E66: 39 | F66: month | G66: =IF(C66="Active","Active",C66-B66) -> Active | H66: =TEXT(B66,"dddd") -> Wednesday | J66: 44866 | K66: =COUNTIF($B$2:$B$3070,J66) -> 11
A67: 129467426 | B67: 44811 | C67: 45071 | D67: Yes | E67: 39 | F67: month | G67: =IF(C67="Active","Active",C67-B67) -> 260 | H67: =TEXT(B67,"dddd") -> Wednesday | J67: 44917 | K67: =COUNTIF($B$2:$B$3070,J67) -> 11
A68: 152498330 | B68: 44811 | C68: 44979 | D68: Yes | E68: 39 | F68: month | G68: =IF(C68="Active","Active",C68-B68) -> 168 | H68: =TEXT(B68,"dddd") -> Wednesday | J68: 44928 | K68: =COUNTIF($B$2:$B$3070,J68) -> 11
A69: 125335731 | B69: 44811 | C69: 44818 | D69: Yes | E69: 39 | F69: month | G69: =IF(C69="Active","Active",C69-B69) -> 7 | H69: =TEXT(B69,"dddd") -> Wednesday | J69: 44932 | K69: =COUNTIF($B$2:$B$3070,J69) -> 11
A70: 155113805 | B70: 44812 | C70: Active | D70: Yes | E70: 39 | F70: month | G70: =IF(C70="Active","Active",C70-B70) -> Active | H70: =TEXT(B70,"dddd") -> Thursday | J70: 44942 | K70: =COUNTIF($B$2:$B$3070,J70) -> 11
A71: 148864769 | B71: 44812 | C71: 44862 | D71: Yes | E71: 39 | F71: month | G71: =IF(C71="Active","Active",C71-B71) -> 50 | H71: =TEXT(B71,"dddd") -> Thursday | J71: 44971 | K71: =COUNTIF($B$2:$B$3070,J71) -> 11
A72: 123850281 | B72: 44812 | C72: 44849 | D72: Yes | E72: 39 | F72: month | G72: =IF(C72="Active","Active",C72-B72) -> 37 | H72: =TEXT(B72,"dddd") -> Thursday | J72: 44981 | K72: =COUNTIF($B$2:$B$3070,J72) -> 11
A73: 155167073 | B73: 44812 | C73: 44840 | D73: Yes | E73: 39 | F73: month | G73: =IF(C73="Active","Active",C73-B73) -> 28 | H73: =TEXT(B73,"dddd") -> Thursday | J73: 44988 | K73: =COUNTIF($B$2:$B$3070,J73) -> 11
A74: 153684891 | B74: 44812 | C74: 44813 | D74: Yes | E74: 39 | F74: month | G74: =IF(C74="Active","Active",C74-B74) -> 1 | H74: =TEXT(B74,"dddd") -> Thursday | J74: 44991 | K74: =COUNTIF($B$2:$B$3070,J74) -> 11
A75: 131277340 | B75: 44813 | C75: 44986 | D75: Yes | E75: 39 | F75: month | G75: =IF(C75="Active","Active",C75-B75) -> 173 | H75: =TEXT(B75,"dddd") -> Friday | J75: 45009 | K75: =COUNTIF($B$2:$B$3070,J75) -> 11
A76: 152027172 | B76: 44813 | C76: 44897 | D76: Yes | E76: 39 | F76: month | G76: =IF(C76="Active","Active",C76-B76) -> 84 | H76: =TEXT(B76,"dddd") -> Friday | J76: 45012 | K76: =COUNTIF($B$2:$B$3070,J76) -> 11
A77: 155212612 | B77: 44813 | C77: 44868 | D77: Yes | E77: 39 | F77: month | G77: =IF(C77="Active","Active",C77-B77) -> 55 | H77: =TEXT(B77,"dddd") -> Friday | J77: 45014 | K77: =COUNTIF($B$2:$B$3070,J77) -> 11
A78: 155188498 | B78: 44813 | C78: 44843 | D78: Yes | E78: 39 | F78: month | G78: =IF(C78="Active","Active",C78-B78) -> 30 | H78: =TEXT(B78,"dddd") -> Friday | J78: 45027 | K78: =COUNTIF($B$2:$B$3070,J78) -> 11
A79: 155145336 | B79: 44813 | C79: 44837 | D79: Yes | E79: 39 | F79: month | G79: =IF(C79="Active","Active",C79-B79) -> 24 | H79: =TEXT(B79,"dddd") -> Friday | J79: 45044 | K79: =COUNTIF($B$2:$B$3070,J79) -> 11
A80: 152506474 | B80: 44813 | C80: 44850 | D80: Yes | E80: 39 | F80: month | G80: =IF(C80="Active","Active",C80-B80) -> 37 | H80: =TEXT(B80,"dddd") -> Friday | J80: 45048 | K80: =COUNTIF($B$2:$B$3070,J80) -> 11
A81: 118029150 | B81: 44813 | C81: 45154 | D81: Yes | E81: 39 | F81: month | G81: =IF(C81="Active","Active",C81-B81) -> 341 | H81: =TEXT(B81,"dddd") -> Friday | J81: 45051 | K81: =COUNTIF($B$2:$B$3070,J81) -> 11
A82: 155245796 | B82: 44814 | C82: Active | D82: Yes | E82: 39 | F82: month | G82: =IF(C82="Active","Active",C82-B82) -> Active | H82: =TEXT(B82,"dddd") -> Saturday | J82: 45053 | K82: =COUNTIF($B$2:$B$3070,J82) -> 11
A83: 155326259 | B83: 44814 | C83: 44978 | D83: Yes | E83: 39 | F83: month | G83: =IF(C83="Active","Active",C83-B83) -> 164 | H83: =TEXT(B83,"dddd") -> Saturday | J83: 45064 | K83: =COUNTIF($B$2:$B$3070,J83) -> 11
A84: 155311918 | B84: 44814 | C84: 44907 | D84: Yes | E84: 39 | F84: month | G84: =IF(C84="Active","Active",C84-B84) -> 93 | H84: =TEXT(B84,"dddd") -> Saturday | J84: 45078 | K84: =COUNTIF($B$2:$B$3070,J84) -> 11
A85: 154391473 | B85: 44814 | C85: 44846 | D85: Yes | E85: 39 | F85: month | G85: =IF(C85="Active","Active",C85-B85) -> 32 | H85: =TEXT(B85,"dddd") -> Saturday | J85: 45084 | K85: =COUNTIF($B$2:$B$3070,J85) -> 11
A86: 155283495 | B86: 44814 | C86: 44842 | D86: Yes | E86: 39 | F86: month | G86: =IF(C86="Active","Active",C86-B86) -> 28 | H86: =TEXT(B86,"dddd") -> Saturday | J86: 45086 | K86: =COUNTIF($B$2:$B$3070,J86) -> 11
A87: 154597373 | B87: 44814 | C87: 44840 | D87: Yes | E87: 39 | F87: month | G87: =IF(C87="Active","Active",C87-B87) -> 26 | H87: =TEXT(B87,"dddd") -> Saturday | J87: 45093 | K87: =COUNTIF($B$2:$B$3070,J87) -> 11
A88: 155370310 | B88: 44815 | C88: 45062 | D88: Yes | E88: 39 | F88: month | G88: =IF(C88="Active","Active",C88-B88) -> 247 | H88: =TEXT(B88,"dddd") -> Sunday | J88: 45110 | K88: =COUNTIF($B$2:$B$3070,J88) -> 11
A89: 155289120 | B89: 44815 | C89: 44972 | D89: Yes | E89: 39 | F89: month | G89: =IF(C89="Active","Active",C89-B89) -> 157 | H89: =TEXT(B89,"dddd") -> Sunday | J89: 45111 | K89: =COUNTIF($B$2:$B$3070,J89) -> 11
A90: 155351408 | B90: 44815 | C90: 44906 | D90: Yes | E90: 39 | F90: month | G90: =IF(C90="Active","Active",C90-B90) -> 91 | H90: =TEXT(B90,"dddd") -> Sunday | J90: 45147 | K90: =COUNTIF($B$2:$B$3070,J90) -> 11
A91: 155336773 | B91: 44815 | C91: 44919 | D91: Yes | E91: 39 | F91: month | G91: =IF(C91="Active","Active",C91-B91) -> 104 | H91: =TEXT(B91,"dddd") -> Sunday | J91: 45160 | K91: =COUNTIF($B$2:$B$3070,J91) -> 11
A92: 155017581 | B92: 44815 | C92: 44867 | D92: Yes | E92: 39 | F92: month | G92: =IF(C92="Active","Active",C92-B92) -> 52 | H92: =TEXT(B92,"dddd") -> Sunday | J92: 44807 | K92: =COUNTIF($B$2:$B$3070,J92) -> 10
A93: 154401329 | B93: 44815 | C93: 44849 | D93: Yes | E93: 39 | F93: month | G93: =IF(C93="Active","Active",C93-B93) -> 34 | H93: =TEXT(B93,"dddd") -> Sunday | J93: 44823 | K93: =COUNTIF($B$2:$B$3070,J93) -> 10
A94: 155334828 | B94: 44815 | C94: 44845 | D94: Yes | E94: 39 | F94: month | G94: =IF(C94="Active","Active",C94-B94) -> 30 | H94: =TEXT(B94,"dddd") -> Sunday | J94: 44852 | K94: =COUNTIF($B$2:$B$3070,J94) -> 10
... A110: 153577096 | B110: 44818 | C110: 44855 | D110: Yes | E110: 39 | F110: month | G110: =IF(C110="Active","Active",C110-B110) -> 37 | H110: =TEXT(B110,"dddd") -> Wednesday | J110: 45034 | K110: =COUNTIF($B$2:$B$3070,J110) -> 10
A111: 154937101 | B111: 44819 | C111: Active | D111: Yes | E111: 39 | F111: month | G111: =IF(C111="Active","Active",C111-B111) -> Active | H111: =TEXT(B111,"dddd") -> Thursday | J111: 45057 | K111: =COUNTIF($B$2:$B$3070,J111) -> 10
A112: 144968444 | B112: 44819 | C112: 44819 | D112: No | E112: 39 | F112: month | G112: =IF(C112="Active","Active",C112-B112) -> 0 | H112: =TEXT(B112,"dddd") -> Thursday | J112: 45065 | K112: =COUNTIF($B$2:$B$3070,J112) -> 10
A113: 155270889 | B113: 44819 | C113: 44991 | D113: Yes | E113: 39 | F113: month | G113: =IF(C113="Active","Active",C113-B113) -> 172 | H113: =TEXT(B113,"dddd") -> Thursday | J113: 45073 | K113: =COUNTIF($B$2:$B$3070,J113) -> 10
A114: 155601465 | B114: 44819 | C114: 45078 | D114: Yes | E114: 39 | F114: month | G114: =IF(C114="Active","Active",C114-B114) -> 259 | H114: =TEXT(B114,"dddd") -> Thursday | J114: 45096 | K114: =COUNTIF($B$2:$B$3070,J114) -> 10
A115: 154045370 | B115: 44819 | C115: 44893 | D115: Yes | E115: 39 | F115: month | G115: =IF(C115="Active","Active",C115-B115) -> 74 | H115: =TEXT(B115,"dddd") -> Thursday | J115: 45120 | K115: =COUNTIF($B$2:$B$3070,J115) -> 10
A116: 155612742 | B116: 44819 | C116: 44873 | D116: Yes | E116: 39 | F116: month | G116: =IF(C116="Active","Active",C116-B116) -> 54 | H116: =TEXT(B116,"dddd") -> Thursday | J116: 45131 | K116: =COUNTIF($B$2:$B$3070,J116) -> 10
A117: 155621162 | B117: 44819 | C117: 44879 | D117: Yes | E117: 39 | F117: month | G117: =IF(C117="Active","Active",C117-B117) -> 60 | H117: =TEXT(B117,"dddd") -> Thursday | J117: 45139 | K117: =COUNTIF($B$2:$B$3070,J117) -> 10
A118: 154904040 | B118: 44819 | C118: 44856 | D118: Yes | E118: 39 | F118: month | G118: =IF(C118="Active","Active",C118-B118) -> 37 | H118: =TEXT(B118,"dddd") -> Thursday | J118: 45142 | K118: =COUNTIF($B$2:$B$3070,J118) -> 10
A119: 150810434 | B119: 44819 | C119: 44846 | D119: Yes | E119: 39 | F119: month | G119: =IF(C119="Active","Active",C119-B119) -> 27 | H119: =TEXT(B119,"dddd") -> Thursday | J119: 45156 | K119: =COUNTIF($B$2:$B$3070,J119) -> 10
...

Sheet Data Description
B2: Field | C2: Description
B3: customer_id | C3: Unique customer identification number representing an individual customer
B4: created_date | C4: Date the customer subscription was created (DD/MM/YYYY).
B5: canceled_date | C5: Date the customer subscription was canceled (DD/MM/YYYY). If value is blank then the subscription has not been canceled
B6: subscription_cost | C6: Price of the subscription in USD
B7: subscription_interval | C7: Measurement of time between billing occurrences for a recurring billing subscription
B8: was_subscription_paid | C8: Indicates if payment was successfully collected for a subscription

Sheet Questions for Analysis 
A1: Questions for Analysis:
A5: 1. Which date had the highest number of subscriptions cancellations?
B7: Cancelled Date | C7: Count of canceled_date
B8: 45104 | C8: 14
A10: 2. How many subscriptions were canceled on the same day they were created?
D12: =COUNTIF('Data prepration'!$I$2:$I$3070,"Yes") -> 108
A14: 3. What is the cancellation rate within the first two days of subscription?
C16: cancel | D16: =COUNTIF('Data prepration'!$J$2:$J$3070,1) -> 293
C17: total cancel | D17: =COUNT('Data prepration'!$J$2:$J$3070) -> 3069
C18: cancellation_rate | D18: =(D16/D17) -> 0.095470837
A20: 4. How many subscriptions lasted more than one month?
D21: =COUNTIFS(Table1[sub_more_than_1_month],1) -> 1267
A23: 5. What is the most common duration before cancellation?
D24: =_xlfn.MODE.SNGL('Data prepration'!L2:L3070) -> 1
A26: 6. How does the number of subscriptions vary by day?
C28: Weekday | D28: Count of customer_id
C29: Monday | D29: 539
C30: Thursday | D30: 505
C31: Tuesday | D31: 487
C32: Wednesday | D32: 472
C33: Friday | D33: 452
C34: Saturday | D34: 308
C35: Sunday | D35: 306
A38: 7. Are there any indications that unpaid subscriptions have a higher cancellation rate?
C40: Subscription Paid | D40: Count of created_date | E40: Count of canceled_date | F40: Cancellation rate
C41: No | D41: 133 | E41: 123 | F41: =GETPIVOTDATA("Count of canceled_date",$C$40,"was_subscription_paid","No")/GETPIVOTDATA("Count of created_date",$C$40,"was_subscription_paid","No") -> 0.92481203
C42: Yes | D42: 2936 | E42: 1881 | F42: =GETPIVOTDATA("Count of canceled_date",$C$40,"was_subscription_paid","Yes")/GETPIVOTDATA("Count of created_date",$C$40,"was_subscription_paid","Yes") -> 0.64066757
D43: =GETPIVOTDATA("Count of created_date",$C$40,"was_subscription_paid","No")+GETPIVOTDATA("Count of created_date",$C$40,"was_subscription_paid","Yes") -> 3069 | E43: =GETPIVOTDATA("Count of canceled_date",$C$40,"was_subscription_paid","No")+GETPIVOTDATA("Count of canceled_date",$C$40,"was_subscription_paid","Yes") -> 2004

Sheet Data prepration
A1: customer_id | B1: created_date | C1: canceled_date | D1: was_subscription_paid | E1: subscription_cost | F1: subscription_interval | G1: Cancellation Duration | H1: weekday | I1: same_day_cancel | J1: cancel_within_2days | K1: sub_more_than_1_month | L1: count_days_before_cancel
A2: 154536156 | B2: 44805 | D2: Yes | E2: 39 | F2: month | G2: =IF(C2="","",C2-B2) | H2: =TEXT(B2,"dddd") -> Thursday | I2: =IF(B2=C2,"Yes","No") -> No | J2: =IF(AND(C2<>"",C2-B2<=2),1,0) -> 0 | K2: =IF(AND(C2<>"",C2-B2>30),1,0) -> 0 | L2: =IF(C2="","",C2-B2)
A3: 149713408 | B3: 44805 | C3: 44806 | D3: No | E3: 39 | F3: month | G3: =IF(C3="","",C3-B3) -> 1 | H3: =TEXT(B3,"dddd") -> Thursday | I3: =IF(B3=C3,"Yes","No") -> No | J3: =IF(AND(C3<>"",C3-B3<=2),1,0) -> 1 | K3: =IF(AND(C3<>"",C3-B3>30),1,0) -> 0 | L3: =IF(C3="","",C3-B3) -> 1
A4: 153756284 | B4: 44805 | C4: 44806 | D4: No | E4: 39 | F4: month | G4: =IF(C4="","",C4-B4) -> 1 | H4: =TEXT(B4,"dddd") -> Thursday | I4: =IF(B4=C4,"Yes","No") -> No | J4: =IF(AND(C4<>"",C4-B4<=2),1,0) -> 1 | K4: =IF(AND(C4<>"",C4-B4>30),1,0) -> 0 | L4: =IF(C4="","",C4-B4) -> 1
A5: 121253113 | B5: 44805 | C5: 44827 | D5: Yes | E5: 39 | F5: month | G5: =IF(C5="","",C5-B5) -> 22 | H5: =TEXT(B5,"dddd") -> Thursday | I5: =IF(B5=C5,"Yes","No") -> No | J5: =IF(AND(C5<>"",C5-B5<=2),1,0) -> 0 | K5: =IF(AND(C5<>"",C5-B5>30),1,0) -> 0 | L5: =IF(C5="","",C5-B5) -> 22
A6: 154467210 | B6: 44805 | C6: 45106 | D6: Yes | E6: 39 | F6: month | G6: =IF(C6="","",C6-B6) -> 301 | H6: =TEXT(B6,"dddd") -> Thursday | I6: =IF(B6=C6,"Yes","No") -> No | J6: =IF(AND(C6<>"",C6-B6<=2),1,0) -> 0 | K6: =IF(AND(C6<>"",C6-B6>30),1,0) -> 1 | L6: =IF(C6="","",C6-B6) -> 301
A7: 154510811 | B7: 44805 | C7: 45054 | D7: Yes | E7: 39 | F7: month | G7: =IF(C7="","",C7-B7) -> 249 | H7: =TEXT(B7,"dddd") -> Thursday | I7: =IF(B7=C7,"Yes","No") -> No | J7: =IF(AND(C7<>"",C7-B7<=2),1,0) -> 0 | K7: =IF(AND(C7<>"",C7-B7>30),1,0) -> 1 | L7: =IF(C7="","",C7-B7) -> 249
A8: 154494346 | B8: 44805 | C8: 44891 | D8: Yes | E8: 39 | F8: month | G8: =IF(C8="","",C8-B8) -> 86 | H8: =TEXT(B8,"dddd") -> Thursday | I8: =IF(B8=C8,"Yes","No") -> No | J8: =IF(AND(C8<>"",C8-B8<=2),1,0) -> 0 | K8: =IF(AND(C8<>"",C8-B8>30),1,0) -> 1 | L8: =IF(C8="","",C8-B8) -> 86
A9: 148671505 | B9: 44805 | C9: 44888 | D9: Yes | E9: 39 | F9: month | G9: =IF(C9="","",C9-B9) -> 83 | H9: =TEXT(B9,"dddd") -> Thursday | I9: =IF(B9=C9,"Yes","No") -> No | J9: =IF(AND(C9<>"",C9-B9<=2),1,0) -> 0 | K9: =IF(AND(C9<>"",C9-B9>30),1,0) -> 1 | L9: =IF(C9="","",C9-B9) -> 83
A10: 154568379 | B10: 44805 | C10: 44859 | D10: Yes | E10: 39 | F10: month | G10: =IF(C10="","",C10-B10) -> 54 | H10: =TEXT(B10,"dddd") -> Thursday | I10: =IF(B10=C10,"Yes","No") -> No | J10: =IF(AND(C10<>"",C10-B10<=2),1,0) -> 0 | K10: =IF(AND(C10<>"",C10-B10>30),1,0) -> 1 | L10: =IF(C10="","",C10-B10) -> 54
A11: 154428434 | B11: 44805 | C11: 44865 | D11: Yes | E11: 39 | F11: month | G11: =IF(C11="","",C11-B11) -> 60 | H11: =TEXT(B11,"dddd") -> Thursday | I11: =IF(B11=C11,"Yes","No") -> No | J11: =IF(AND(C11<>"",C11-B11<=2),1,0) -> 0 | K11: =IF(AND(C11<>"",C11-B11>30),1,0) -> 1 | L11: =IF(C11="","",C11-B11) -> 60
A12: 154601651 | B12: 44805 | C12: 44830 | D12: Yes | E12: 39 | F12: month | G12: =IF(C12="","",C12-B12) -> 25 | H12: =TEXT(B12,"dddd") -> Thursday | I12: =IF(B12=C12,"Yes","No") -> No | J12: =IF(AND(C12<>"",C12-B12<=2),1,0) -> 0 | K12: =IF(AND(C12<>"",C12-B12>30),1,0) -> 0 | L12: =IF(C12="","",C12-B12) -> 25
A13: 122824692 | B13: 44805 | C13: 44819 | D13: Yes | E13: 39 | F13: month | G13: =IF(C13="","",C13-B13) -> 14 | H13: =TEXT(B13,"dddd") -> Thursday | I13: =IF(B13=C13,"Yes","No") -> No | J13: =IF(AND(C13<>"",C13-B13<=2),1,0) -> 0 | K13: =IF(AND(C13<>"",C13-B13>30),1,0) -> 0 | L13: =IF(C13="","",C13-B13) -> 14
A14: 152925600 | B14: 44806 | D14: Yes | E14: 39 | F14: month | G14: =IF(C14="","",C14-B14) | H14: =TEXT(B14,"dddd") -> Friday | I14: =IF(B14=C14,"Yes","No") -> No | J14: =IF(AND(C14<>"",C14-B14<=2),1,0) -> 0 | K14: =IF(AND(C14<>"",C14-B14>30),1,0) -> 0 | L14: =IF(C14="","",C14-B14)
A15: 151154171 | B15: 44806 | C15: 44806 | D15: Yes | E15: 39 | F15: month | G15: =IF(C15="","",C15-B15) -> 0 | H15: =TEXT(B15,"dddd") -> Friday | I15: =IF(B15=C15,"Yes","No") -> Yes | J15: =IF(AND(C15<>"",C15-B15<=2),1,0) -> 1 | K15: =IF(AND(C15<>"",C15-B15>30),1,0) -> 0 | L15: =IF(C15="","",C15-B15) -> 0
A16: 154640950 | B16: 44806 | C16: 44904 | D16: Yes | E16: 39 | F16: month | G16: =IF(C16="","",C16-B16) -> 98 | H16: =TEXT(B16,"dddd") -> Friday | I16: =IF(B16=C16,"Yes","No") -> No | J16: =IF(AND(C16<>"",C16-B16<=2),1,0) -> 0 | K16: =IF(AND(C16<>"",C16-B16>30),1,0) -> 1 | L16: =IF(C16="","",C16-B16) -> 98
A17: 154617329 | B17: 44806 | C17: 44861 | D17: Yes | E17: 39 | F17: month | G17: =IF(C17="","",C17-B17) -> 55 | H17: =TEXT(B17,"dddd") -> Friday | I17: =IF(B17=C17,"Yes","No") -> No | J17: =IF(AND(C17<>"",C17-B17<=2),1,0) -> 0 | K17: =IF(AND(C17<>"",C17-B17>30),1,0) -> 1 | L17: =IF(C17="","",C17-B17) -> 55
A18: 154089211 | B18: 44806 | C18: 44843 | D18: Yes | E18: 39 | F18: month | G18: =IF(C18="","",C18-B18) -> 37 | H18: =TEXT(B18,"dddd") -> Friday | I18: =IF(B18=C18,"Yes","No") -> No | J18: =IF(AND(C18<>"",C18-B18<=2),1,0) -> 0 | K18: =IF(AND(C18<>"",C18-B18>30),1,0) -> 1 | L18: =IF(C18="","",C18-B18) -> 37
A19: 154653820 | B19: 44806 | C19: 44830 | D19: Yes | E19: 39 | F19: month | G19: =IF(C19="","",C19-B19) -> 24 | H19: =TEXT(B19,"dddd") -> Friday | I19: =IF(B19=C19,"Yes","No") -> No | J19: =IF(AND(C19<>"",C19-B19<=2),1,0) -> 0 | K19: =IF(AND(C19<>"",C19-B19>30),1,0) -> 0 | L19: =IF(C19="","",C19-B19) -> 24
A20: 154131290 | B20: 44807 | D20: Yes | E20: 39 | F20: month | G20: =IF(C20="","",C20-B20) | H20: =TEXT(B20,"dddd") -> Saturday | I20: =IF(B20=C20,"Yes","No") -> No | J20: =IF(AND(C20<>"",C20-B20<=2),1,0) -> 0 | K20: =IF(AND(C20<>"",C20-B20>30),1,0) -> 0 | L20: =IF(C20="","",C20-B20)
A21: 154434009 | B21: 44807 | D21: Yes | E21: 39 | F21: month | G21: =IF(C21="","",C21-B21) | H21: =TEXT(B21,"dddd") -> Saturday | I21: =IF(B21=C21,"Yes","No") -> No | J21: =IF(AND(C21<>"",C21-B21<=2),1,0) -> 0 | K21: =IF(AND(C21<>"",C21-B21>30),1,0) -> 0 | L21: =IF(C21="","",C21-B21)
A22: 136108848 | B22: 44807 | C22: 44808 | D22: Yes | E22: 39 | F22: month | G22: =IF(C22="","",C22-B22) -> 1 | H22: =TEXT(B22,"dddd") -> Saturday | I22: =IF(B22=C22,"Yes","No") -> No | J22: =IF(AND(C22<>"",C22-B22<=2),1,0) -> 1 | K22: =IF(AND(C22<>"",C22-B22>30),1,0) -> 0 | L22: =IF(C22="","",C22-B22) -> 1
A23: 135185873 | B23: 44807 | C23: 45056 | D23: Yes | E23: 39 | F23: month | G23: =IF(C23="","",C23-B23) -> 249 | H23: =TEXT(B23,"dddd") -> Saturday | I23: =IF(B23=C23,"Yes","No") -> No | J23: =IF(AND(C23<>"",C23-B23<=2),1,0) -> 0 | K23: =IF(AND(C23<>"",C23-B23>30),1,0) -> 1 | L23: =IF(C23="","",C23-B23) -> 249
A24: 154592664 | B24: 44807 | C24: 45017 | D24: Yes | E24: 39 | F24: month | G24: =IF(C24="","",C24-B24) -> 210 | H24: =TEXT(B24,"dddd") -> Saturday | I24: =IF(B24=C24,"Yes","No") -> No | J24: =IF(AND(C24<>"",C24-B24<=2),1,0) -> 0 | K24: =IF(AND(C24<>"",C24-B24>30),1,0) -> 1 | L24: =IF(C24="","",C24-B24) -> 210
A25: 119436804 | B25: 44807 | C25: 45026 | D25: Yes | E25: 39 | F25: month | G25: =IF(C25="","",C25-B25) -> 219 | H25: =TEXT(B25,"dddd") -> Saturday | I25: =IF(B25=C25,"Yes","No") -> No | J25: =IF(AND(C25<>"",C25-B25<=2),1,0) -> 0 | K25: =IF(AND(C25<>"",C25-B25>30),1,0) -> 1 | L25: =IF(C25="","",C25-B25) -> 219
A26: 152929657 | B26: 44807 | C26: 44888 | D26: Yes | E26: 39 | F26: month | G26: =IF(C26="","",C26-B26) -> 81 | H26: =TEXT(B26,"dddd") -> Saturday | I26: =IF(B26=C26,"Yes","No") -> No | J26: =IF(AND(C26<>"",C26-B26<=2),1,0) -> 0 | K26: =IF(AND(C26<>"",C26-B26>30),1,0) -> 1 | L26: =IF(C26="","",C26-B26) -> 81
A27: 154708974 | B27: 44807 | C27: 44852 | D27: Yes | E27: 39 | F27: month | G27: =IF(C27="","",C27-B27) -> 45 | H27: =TEXT(B27,"dddd") -> Saturday | I27: =IF(B27=C27,"Yes","No") -> No | J27: =IF(AND(C27<>"",C27-B27<=2),1,0) -> 0 | K27: =IF(AND(C27<>"",C27-B27>30),1,0) -> 1 | L27: =IF(C27="","",C27-B27) -> 45
A28: 154567722 | B28: 44807 | C28: 44833 | D28: Yes | E28: 39 | F28: month | G28: =IF(C28="","",C28-B28) -> 26 | H28: =TEXT(B28,"dddd") -> Saturday | I28: =IF(B28=C28,"Yes","No") -> No | J28: =IF(AND(C28<>"",C28-B28<=2),1,0) -> 0 | K28: =IF(AND(C28<>"",C28-B28>30),1,0) -> 0 | L28: =IF(C28="","",C28-B28) -> 26
A29: 154719788 | B29: 44807 | C29: 44829 | D29: Yes | E29: 39 | F29: month | G29: =IF(C29="","",C29-B29) -> 22 | H29: =TEXT(B29,"dddd") -> Saturday | I29: =IF(B29=C29,"Yes","No") -> No | J29: =IF(AND(C29<>"",C29-B29<=2),1,0) -> 0 | K29: =IF(AND(C29<>"",C29-B29>30),1,0) -> 0 | L29: =IF(C29="","",C29-B29) -> 22
A30: 154809306 | B30: 44808 | C30: 44809 | D30: Yes | E30: 39 | F30: month | G30: =IF(C30="","",C30-B30) -> 1 | H30: =TEXT(B30,"dddd") -> Sunday | I30: =IF(B30=C30,"Yes","No") -> No | J30: =IF(AND(C30<>"",C30-B30<=2),1,0) -> 1 | K30: =IF(AND(C30<>"",C30-B30>30),1,0) -> 0 | L30: =IF(C30="","",C30-B30) -> 1
A31: 140391539 | B31: 44808 | C31: 45021 | D31: Yes | E31: 39 | F31: month | G31: =IF(C31="","",C31-B31) -> 213 | H31: =TEXT(B31,"dddd") -> Sunday | I31: =IF(B31=C31,"Yes","No") -> No | J31: =IF(AND(C31<>"",C31-B31<=2),1,0) -> 0 | K31: =IF(AND(C31<>"",C31-B31>30),1,0) -> 1 | L31: =IF(C31="","",C31-B31) -> 213
A32: 153194806 | B32: 44808 | C32: 45032 | D32: Yes | E32: 39 | F32: month | G32: =IF(C32="","",C32-B32) -> 224 | H32: =TEXT(B32,"dddd") -> Sunday | I32: =IF(B32=C32,"Yes","No") -> No | J32: =IF(AND(C32<>"",C32-B32<=2),1,0) -> 0 | K32: =IF(AND(C32<>"",C32-B32>30),1,0) -> 1 | L32: =IF(C32="","",C32-B32) -> 224
A33: 144402204 | B33: 44808 | C33: 44826 | D33: Yes | E33: 39 | F33: month | G33: =IF(C33="","",C33-B33) -> 18 | H33: =TEXT(B33,"dddd") -> Sunday | I33: =IF(B33=C33,"Yes","No") -> No | J33: =IF(AND(C33<>"",C33-B33<=2),1,0) -> 0 | K33: =IF(AND(C33<>"",C33-B33>30),1,0) -> 0 | L33: =IF(C33="","",C33-B33) -> 18
... A38: 153368891 | B38: 44808 | C38: 44845 | D38: Yes | E38: 39 | F38: month | G38: =IF(C38="","",C38-B38) -> 37 | H38: =TEXT(B38,"dddd") -> Sunday | I38: =IF(B38=C38,"Yes","No") -> No | J38: =IF(AND(C38<>"",C38-B38<=2),1,0) -> 0 | K38: =IF(AND(C38<>"",C38-B38>30),1,0) -> 1 | L38: =IF(C38="","",C38-B38) -> 37
A39: 154225450 | B39: 44809 | D39: Yes | E39: 39 | F39: month | G39: =IF(C39="","",C39-B39) | H39: =TEXT(B39,"dddd") -> Monday | I39: =IF(B39=C39,"Yes","No") -> No | J39: =IF(AND(C39<>"",C39-B39<=2),1,0) -> 0 | K39: =IF(AND(C39<>"",C39-B39>30),1,0) -> 0 | L39: =IF(C39="","",C39-B39)
A40: 154904040 | B40: 44809 | C40: 44810 | D40: Yes | E40: 39 | F40: month | G40: =IF(C40="","",C40-B40) -> 1 | H40: =TEXT(B40,"dddd") -> Monday | I40: =IF(B40=C40,"Yes","No") -> No | J40: =IF(AND(C40<>"",C40-B40<=2),1,0) -> 1 | K40: =IF(AND(C40<>"",C40-B40>30),1,0) -> 0 | L40: =IF(C40="","",C40-B40) -> 1
A41: 127604200 | B41: 44809 | C41: 44840 | D41: Yes | E41: 39 | F41: month | G41: =IF(C41="","",C41-B41) -> 31 | H41: =TEXT(B41,"dddd") -> Monday | I41: =IF(B41=C41,"Yes","No") -> No | J41: =IF(AND(C41<>"",C41-B41<=2),1,0) -> 0 | K41: =IF(AND(C41<>"",C41-B41>30),1,0) -> 1 | L41: =IF(C41="","",C41-B41) -> 31
A42: 154913576 | B42: 44809 | C42: 44998 | D42: Yes | E42: 39 | F42: month | G42: =IF(C42="","",C42-B42) -> 189 | H42: =TEXT(B42,"dddd") -> Monday | I42: =IF(B42=C42,"Yes","No") -> No | J42: =IF(AND(C42<>"",C42-B42<=2),1,0) -> 0 | K42: =IF(AND(C42<>"",C42-B42>30),1,0) -> 1 | L42: =IF(C42="","",C42-B42) -> 189
A43: 154910432 | B43: 44809 | C43: 44998 | D43: Yes | E43: 39 | F43: month | G43: =IF(C43="","",C43-B43) -> 189 | H43: =TEXT(B43,"dddd") -> Monday | I43: =IF(B43=C43,"Yes","No") -> No | J43: =IF(AND(C43<>"",C43-B43<=2),1,0) -> 0 | K43: =IF(AND(C43<>"",C43-B43>30),1,0) -> 1 | L43: =IF(C43="","",C43-B43) -> 189
A44: 154911229 | B44: 44809 | C44: 44997 | D44: Yes | E44: 39 | F44: month | G44: =IF(C44="","",C44-B44) -> 188 | H44: =TEXT(B44,"dddd") -> Monday | I44: =IF(B44=C44,"Yes","No") -> No | J44: =IF(AND(C44<>"",C44-B44<=2),1,0) -> 0 | K44: =IF(AND(C44<>"",C44-B44>30),1,0) -> 1 | L44: =IF(C44="","",C44-B44) -> 188
A45: 154518837 | B45: 44809 | C45: 44929 | D45: Yes | E45: 39 | F45: month | G45: =IF(C45="","",C45-B45) -> 120 | H45: =TEXT(B45,"dddd") -> Monday | I45: =IF(B45=C45,"Yes","No") -> No | J45: =IF(AND(C45<>"",C45-B45<=2),1,0) -> 0 | K45: =IF(AND(C45<>"",C45-B45>30),1,0) -> 1 | L45: =IF(C45="","",C45-B45) -> 120
A46: 154910009 | B46: 44809 | C46: 44965 | D46: Yes | E46: 39 | F46: month | G46: =IF(C46="","",C46-B46) -> 156 | H46: =TEXT(B46,"dddd") -> Monday | I46: =IF(B46=C46,"Yes","No") -> No | J46: =IF(AND(C46<>"",C46-B46<=2),1,0) -> 0 | K46: =IF(AND(C46<>"",C46-B46>30),1,0) -> 1 | L46: =IF(C46="","",C46-B46) -> 156
A47: 154911693 | B47: 44809 | C47: 44965 | D47: Yes | E47: 39 | F47: month | G47: =IF(C47="","",C47-B47) -> 156 | H47: =TEXT(B47,"dddd") -> Monday | I47: =IF(B47=C47,"Yes","No") -> No | J47: =IF(AND(C47<>"",C47-B47<=2),1,0) -> 0 | K47: =IF(AND(C47<>"",C47-B47>30),1,0) -> 1 | L47: =IF(C47="","",C47-B47) -> 156
A48: 154894177 | B48: 44809 | C48: 44907 | D48: Yes | E48: 39 | F48: month | G48: =IF(C48="","",C48-B48) -> 98 | H48: =TEXT(B48,"dddd") -> Monday | I48: =IF(B48=C48,"Yes","No") -> No | J48: =IF(AND(C48<>"",C48-B48<=2),1,0) -> 0 | K48: =IF(AND(C48<>"",C48-B48>30),1,0) -> 1 | L48: =IF(C48="","",C48-B48) -> 98
A49: 154494026 | B49: 44809 | C49: 44907 | D49: Yes | E49: 39 | F49: month | G49: =IF(C49="","",C49-B49) -> 98 | H49: =TEXT(B49,"dddd") -> Monday | I49: =IF(B49=C49,"Yes","No") -> No | J49: =IF(AND(C49<>"",C49-B49<=2),1,0) -> 0 | K49: =IF(AND(C49<>"",C49-B49>30),1,0) -> 1 | L49: =IF(C49="","",C49-B49) -> 98
A50: 154245189 | B50: 44809 | C50: 44891 | D50: Yes | E50: 39 | F50: month | G50: =IF(C50="","",C50-B50) -> 82 | H50: =TEXT(B50,"dddd") -> Monday | I50: =IF(B50=C50,"Yes","No") -> No | J50: =IF(AND(C50<>"",C50-B50<=2),1,0) -> 0 | K50: =IF(AND(C50<>"",C50-B50>30),1,0) -> 1 | L50: =IF(C50="","",C50-B50) -> 82
A51: 154604182 | B51: 44809 | C51: 44853 | D51: Yes | E51: 39 | F51: month | G51: =IF(C51="","",C51-B51) -> 44 | H51: =TEXT(B51,"dddd") -> Monday | I51: =IF(B51=C51,"Yes","No") -> No | J51: =IF(AND(C51<>"",C51-B51<=2),1,0) -> 0 | K51: =IF(AND(C51<>"",C51-B51>30),1,0) -> 1 | L51: =IF(C51="","",C51-B51) -> 44
... A56: 154863996 | B56: 44809 | C56: 44813 | D56: Yes | E56: 39 | F56: month | G56: =IF(C56="","",C56-B56) -> 4 | H56: =TEXT(B56,"dddd") -> Monday | I56: =IF(B56=C56,"Yes","No") -> No | J56: =IF(AND(C56<>"",C56-B56<=2),1,0) -> 0 | K56: =IF(AND(C56<>"",C56-B56>30),1,0) -> 0 | L56: =IF(C56="","",C56-B56) -> 4
A57: 154923423 | B57: 44810 | D57: Yes | E57: 39 | F57: month | G57: =IF(C57="","",C57-B57) | H57: =TEXT(B57,"dddd") -> Tuesday | I57: =IF(B57=C57,"Yes","No") -> No | J57: =IF(AND(C57<>"",C57-B57<=2),1,0) -> 0 | K57: =IF(AND(C57<>"",C57-B57>30),1,0) -> 0 | L57: =IF(C57="","",C57-B57)
A58: 134664128 | B58: 44810 | D58: Yes | E58: 39 | F58: month | G58: =IF(C58="","",C58-B58) | H58: =TEXT(B58,"dddd") -> Tuesday | I58: =IF(B58=C58,"Yes","No") -> No | J58: =IF(AND(C58<>"",C58-B58<=2),1,0) -> 0 | K58: =IF(AND(C58<>"",C58-B58>30),1,0) -> 0 | L58: =IF(C58="","",C58-B58)
A59: 154828806 | B59: 44810 | C59: 44885 | D59: Yes | E59: 39 | F59: month | G59: =IF(C59="","",C59-B59) -> 75 | H59: =TEXT(B59,"dddd") -> Tuesday | I59: =IF(B59=C59,"Yes","No") -> No | J59: =IF(AND(C59<>"",C59-B59<=2),1,0) -> 0 | K59: =IF(AND(C59<>"",C59-B59>30),1,0) -> 1 | L59: =IF(C59="","",C59-B59) -> 75
A60: 154934030 | B60: 44810 | C60: 44878 | D60: Yes | E60: 39 | F60: month | G60: =IF(C60="","",C60-B60) -> 68 | H60: =TEXT(B60,"dddd") -> Tuesday | I60: =IF(B60=C60,"Yes","No") -> No | J60: =IF(AND(C60<>"",C60-B60<=2),1,0) -> 0 | K60: =IF(AND(C60<>"",C60-B60>30),1,0) -> 1 | L60: =IF(C60="","",C60-B60) -> 68
A61: 153671424 | B61: 44810 | C61: 44847 | D61: Yes | E61: 39 | F61: month | G61: =IF(C61="","",C61-B61) -> 37 | H61: =TEXT(B61,"dddd") -> Tuesday | I61: =IF(B61=C61,"Yes","No") -> No | J61: =IF(AND(C61<>"",C61-B61<=2),1,0) -> 0 | K61: =IF(AND(C61<>"",C61-B61>30),1,0) -> 1 | L61: =IF(C61="","",C61-B61) -> 37
A62: 154693818 | B62: 44810 | C62: 44847 | D62: Yes | E62: 39 | F62: month | G62: =IF(C62="","",C62-B62) -> 37 | H62: =TEXT(B62,"dddd") -> Tuesday | I62: =IF(B62=C62,"Yes","No") -> No | J62: =IF(AND(C62<>"",C62-B62<=2),1,0) -> 0 | K62: =IF(AND(C62<>"",C62-B62>30),1,0) -> 1 | L62: =IF(C62="","",C62-B62) -> 37
A63: 154110938 | B63: 44810 | C63: 44830 | D63: Yes | E63: 39 | F63: month | G63: =IF(C63="","",C63-B63) -> 20 | H63: =TEXT(B63,"dddd") -> Tuesday | I63: =IF(B63=C63,"Yes","No") -> No | J63: =IF(AND(C63<>"",C63-B63<=2),1,0) -> 0 | K63: =IF(AND(C63<>"",C63-B63>30),1,0) -> 0 | L63: =IF(C63="","",C63-B63) -> 20
A64: 154809306 | B64: 44810 | C64: 44832 | D64: Yes | E64: 39 | F64: month | G64: =IF(C64="","",C64-B64) -> 22 | H64: =TEXT(B64,"dddd") -> Tuesday | I64: =IF(B64=C64,"Yes","No") -> No | J64: =IF(AND(C64<>"",C64-B64<=2),1,0) -> 0 | K64: =IF(AND(C64<>"",C64-B64>30),1,0) -> 0 | L64: =IF(C64="","",C64-B64) -> 22
A65: 154537244 | B65: 44811 | D65: Yes | E65: 39 | F65: month | G65: =IF(C65="","",C65-B65) | H65: =TEXT(B65,"dddd") -> Wednesday | I65: =IF(B65=C65,"Yes","No") -> No | J65: =IF(AND(C65<>"",C65-B65<=2),1,0) -> 0 | K65: =IF(AND(C65<>"",C65-B65>30),1,0) -> 0 | L65: =IF(C65="","",C65-B65)
A66: 154163218 | B66: 44811 | D66: Yes | E66: 39 | F66: month | G66: =IF(C66="","",C66-B66) | H66: =TEXT(B66,"dddd") -> Wednesday | I66: =IF(B66=C66,"Yes","No") -> No | J66: =IF(AND(C66<>"",C66-B66<=2),1,0) -> 0 | K66: =IF(AND(C66<>"",C66-B66>30),1,0) -> 0 | L66: =IF(C66="","",C66-B66)
A67: 129467426 | B67: 44811 | C67: 45071 | D67: Yes | E67: 39 | F67: month | G67: =IF(C67="","",C67-B67) -> 260 | H67: =TEXT(B67,"dddd") -> Wednesday | I67: =IF(B67=C67,"Yes","No") -> No | J67: =IF(AND(C67<>"",C67-B67<=2),1,0) -> 0 | K67: =IF(AND(C67<>"",C67-B67>30),1,0) -> 1 | L67: =IF(C67="","",C67-B67) -> 260
A68: 152498330 | B68: 44811 | C68: 44979 | D68: Yes | E68: 39 | F68: month | G68: =IF(C68="","",C68-B68) -> 168 | H68: =TEXT(B68,"dddd") -> Wednesday | I68: =IF(B68=C68,"Yes","No") -> No | J68: =IF(AND(C68<>"",C68-B68<=2),1,0) -> 0 | K68: =IF(AND(C68<>"",C68-B68>30),1,0) -> 1 | L68: =IF(C68="","",C68-B68) -> 168
A69: 125335731 | B69: 44811 | C69: 44818 | D69: Yes | E69: 39 | F69: month | G69: =IF(C69="","",C69-B69) -> 7 | H69: =TEXT(B69,"dddd") -> Wednesday | I69: =IF(B69=C69,"Yes","No") -> No | J69: =IF(AND(C69<>"",C69-B69<=2),1,0) -> 0 | K69: =IF(AND(C69<>"",C69-B69>30),1,0) -> 0 | L69: =IF(C69="","",C69-B69) -> 7
A70: 155113805 | B70: 44812 | D70: Yes | E70: 39 | F70: month | G70: =IF(C70="","",C70-B70) | H70: =TEXT(B70,"dddd") -> Thursday | I70: =IF(B70=C70,"Yes","No") -> No | J70: =IF(AND(C70<>"",C70-B70<=2),1,0) -> 0 | K70: =IF(AND(C70<>"",C70-B70>30),1,0) -> 0 | L70: =IF(C70="","",C70-B70)
A71: 148864769 | B71: 44812 | C71: 44862 | D71: Yes | E71: 39 | F71: month | G71: =IF(C71="","",C71-B71) -> 50 | H71: =TEXT(B71,"dddd") -> Thursday | I71: =IF(B71=C71,"Yes","No") -> No | J71: =IF(AND(C71<>"",C71-B71<=2),1,0) -> 0 | K71: =IF(AND(C71<>"",C71-B71>30),1,0) -> 1 | L71: =IF(C71="","",C71-B71) -> 50
A72: 123850281 | B72: 44812 | C72: 44849 | D72: Yes | E72: 39 | F72: month | G72: =IF(C72="","",C72-B72) -> 37 | H72: =TEXT(B72,"dddd") -> Thursday | I72: =IF(B72=C72,"Yes","No") -> No | J72: =IF(AND(C72<>"",C72-B72<=2),1,0) -> 0 | K72: =IF(AND(C72<>"",C72-B72>30),1,0) -> 1 | L72: =IF(C72="","",C72-B72) -> 37
A73: 155167073 | B73: 44812 | C73: 44840 | D73: Yes | E73: 39 | F73: month | G73: =IF(C73="","",C73-B73) -> 28 | H73: =TEXT(B73,"dddd") -> Thursday | I73: =IF(B73=C73,"Yes","No") -> No | J73: =IF(AND(C73<>"",C73-B73<=2),1,0) -> 0 | K73: =IF(AND(C73<>"",C73-B73>30),1,0) -> 0 | L73: =IF(C73="","",C73-B73) -> 28
A74: 153684891 | B74: 44812 | C74: 44813 | D74: Yes | E74: 39 | F74: month | G74: =IF(C74="","",C74-B74) -> 1 | H74: =TEXT(B74,"dddd") -> Thursday | I74: =IF(B74=C74,"Yes","No") -> No | J74: =IF(AND(C74<>"",C74-B74<=2),1,0) -> 1 | K74: =IF(AND(C74<>"",C74-B74>30),1,0) -> 0 | L74: =IF(C74="","",C74-B74) -> 1
A75: 131277340 | B75: 44813 | C75: 44986 | D75: Yes | E75: 39 | F75: month | G75: =IF(C75="","",C75-B75) -> 173 | H75: =TEXT(B75,"dddd") -> Friday | I75: =IF(B75=C75,"Yes","No") -> No | J75: =IF(AND(C75<>"",C75-B75<=2),1,0) -> 0 | K75: =IF(AND(C75<>"",C75-B75>30),1,0) -> 1 | L75: =IF(C75="","",C75-B75) -> 173
A76: 152027172 | B76: 44813 | C76: 44897 | D76: Yes | E76: 39 | F76: month | G76: =IF(C76="","",C76-B76) -> 84 | H76: =TEXT(B76,"dddd") -> Friday | I76: =IF(B76=C76,"Yes","No") -> No | J76: =IF(AND(C76<>"",C76-B76<=2),1,0) -> 0 | K76: =IF(AND(C76<>"",C76-B76>30),1,0) -> 1 | L76: =IF(C76="","",C76-B76) -> 84
A77: 155212612 | B77: 44813 | C77: 44868 | D77: Yes | E77: 39 | F77: month | G77: =IF(C77="","",C77-B77) -> 55 | H77: =TEXT(B77,"dddd") -> Friday | I77: =IF(B77=C77,"Yes","No") -> No | J77: =IF(AND(C77<>"",C77-B77<=2),1,0) -> 0 | K77: =IF(AND(C77<>"",C77-B77>30),1,0) -> 1 | L77: =IF(C77="","",C77-B77) -> 55
A78: 155188498 | B78: 44813 | C78: 44843 | D78: Yes | E78: 39 | F78: month | G78: =IF(C78="","",C78-B78) -> 30 | H78: =TEXT(B78,"dddd") -> Friday | I78: =IF(B78=C78,"Yes","No") -> No | J78: =IF(AND(C78<>"",C78-B78<=2),1,0) -> 0 | K78: =IF(AND(C78<>"",C78-B78>30),1,0) -> 0 | L78: =IF(C78="","",C78-B78) -> 30
A79: 155145336 | B79: 44813 | C79: 44837 | D79: Yes | E79: 39 | F79: month | G79: =IF(C79="","",C79-B79) -> 24 | H79: =TEXT(B79,"dddd") -> Friday | I79: =IF(B79=C79,"Yes","No") -> No | J79: =IF(AND(C79<>"",C79-B79<=2),1,0) -> 0 | K79: =IF(AND(C79<>"",C79-B79>30),1,0) -> 0 | L79: =IF(C79="","",C79-B79) -> 24
A80: 152506474 | B80: 44813 | C80: 44850 | D80: Yes | E80: 39 | F80: month | G80: =IF(C80="","",C80-B80) -> 37 | H80: =TEXT(B80,"dddd") -> Friday | I80: =IF(B80=C80,"Yes","No") -> No | J80: =IF(AND(C80<>"",C80-B80<=2),1,0) -> 0 | K80: =IF(AND(C80<>"",C80-B80>30),1,0) -> 1 | L80: =IF(C80="","",C80-B80) -> 37
A81: 118029150 | B81: 44813 | C81: 45154 | D81: Yes | E81: 39 | F81: month | G81: =IF(C81="","",C81-B81) -> 341 | H81: =TEXT(B81,"dddd") -> Friday | I81: =IF(B81=C81,"Yes","No") -> No | J81: =IF(AND(C81<>"",C81-B81<=2),1,0) -> 0 | K81: =IF(AND(C81<>"",C81-B81>30),1,0) -> 1 | L81: =IF(C81="","",C81-B81) -> 341
A82: 155245796 | B82: 44814 | D82: Yes | E82: 39 | F82: month | G82: =IF(C82="","",C82-B82) | H82: =TEXT(B82,"dddd") -> Saturday | I82: =IF(B82=C82,"Yes","No") -> No | J82: =IF(AND(C82<>"",C82-B82<=2),1,0) -> 0 | K82: =IF(AND(C82<>"",C82-B82>30),1,0) -> 0 | L82: =IF(C82="","",C82-B82)
A83: 155326259 | B83: 44814 | C83: 44978 | D83: Yes | E83: 39 | F83: month | G83: =IF(C83="","",C83-B83) -> 164 | H83: =TEXT(B83,"dddd") -> Saturday | I83: =IF(B83=C83,"Yes","No") -> No | J83: =IF(AND(C83<>"",C83-B83<=2),1,0) -> 0 | K83: =IF(AND(C83<>"",C83-B83>30),1,0) -> 1 | L83: =IF(C83="","",C83-B83) -> 164
A84: 155311918 | B84: 44814 | C84: 44907 | D84: Yes | E84: 39 | F84: month | G84: =IF(C84="","",C84-B84) -> 93 | H84: =TEXT(B84,"dddd") -> Saturday | I84: =IF(B84=C84,"Yes","No") -> No | J84: =IF(AND(C84<>"",C84-B84<=2),1,0) -> 0 | K84: =IF(AND(C84<>"",C84-B84>30),1,0) -> 1 | L84: =IF(C84="","",C84-B84) -> 93
A85: 154391473 | B85: 44814 | C85: 44846 | D85: Yes | E85: 39 | F85: month | G85: =IF(C85="","",C85-B85) -> 32 | H85: =TEXT(B85,"dddd") -> Saturday | I85: =IF(B85=C85,"Yes","No") -> No | J85: =IF(AND(C85<>"",C85-B85<=2),1,0) -> 0 | K85: =IF(AND(C85<>"",C85-B85>30),1,0) -> 1 | L85: =IF(C85="","",C85-B85) -> 32
A86: 155283495 | B86: 44814 | C86: 44842 | D86: Yes | E86: 39 | F86: month | G86: =IF(C86="","",C86-B86) -> 28 | H86: =TEXT(B86,"dddd") -> Saturday | I86: =IF(B86=C86,"Yes","No") -> No | J86: =IF(AND(C86<>"",C86-B86<=2),1,0) -> 0 | K86: =IF(AND(C86<>"",C86-B86>30),1,0) -> 0 | L86: =IF(C86="","",C86-B86) -> 28
A87: 154597373 | B87: 44814 | C87: 44840 | D87: Yes | E87: 39 | F87: month | G87: =IF(C87="","",C87-B87) -> 26 | H87: =TEXT(B87,"dddd") -> Saturday | I87: =IF(B87=C87,"Yes","No") -> No | J87: =IF(AND(C87<>"",C87-B87<=2),1,0) -> 0 | K87: =IF(AND(C87<>"",C87-B87>30),1,0) -> 0 | L87: =IF(C87="","",C87-B87) -> 26
A88: 155370310 | B88: 44815 | C88: 45062 | D88: Yes | E88: 39 | F88: month | G88: =IF(C88="","",C88-B88) -> 247 | H88: =TEXT(B88,"dddd") -> Sunday | I88: =IF(B88=C88,"Yes","No") -> No | J88: =IF(AND(C88<>"",C88-B88<=2),1,0) -> 0 | K88: =IF(AND(C88<>"",C88-B88>30),1,0) -> 1 | L88: =IF(C88="","",C88-B88) -> 247
A89: 155289120 | B89: 44815 | C89: 44972 | D89: Yes | E89: 39 | F89: month | G89: =IF(C89="","",C89-B89) -> 157 | H89: =TEXT(B89,"dddd") -> Sunday | I89: =IF(B89=C89,"Yes","No") -> No | J89: =IF(AND(C89<>"",C89-B89<=2),1,0) -> 0 | K89: =IF(AND(C89<>"",C89-B89>30),1,0) -> 1 | L89: =IF(C89="","",C89-B89) -> 157
A90: 155351408 | B90: 44815 | C90: 44906 | D90: Yes | E90: 39 | F90: month | G90: =IF(C90="","",C90-B90) -> 91 | H90: =TEXT(B90,"dddd") -> Sunday | I90: =IF(B90=C90,"Yes","No") -> No | J90: =IF(AND(C90<>"",C90-B90<=2),1,0) -> 0 | K90: =IF(AND(C90<>"",C90-B90>30),1,0) -> 1 | L90: =IF(C90="","",C90-B90) -> 91
A91: 155336773 | B91: 44815 | C91: 44919 | D91: Yes | E91: 39 | F91: month | G91: =IF(C91="","",C91-B91) -> 104 | H91: =TEXT(B91,"dddd") -> Sunday | I91: =IF(B91=C91,"Yes","No") -> No | J91: =IF(AND(C91<>"",C91-B91<=2),1,0) -> 0 | K91: =IF(AND(C91<>"",C91-B91>30),1,0) -> 1 | L91: =IF(C91="","",C91-B91) -> 104
A92: 155017581 | B92: 44815 | C92: 44867 | D92: Yes | E92: 39 | F92: month | G92: =IF(C92="","",C92-B92) -> 52 | H92: =TEXT(B92,"dddd") -> Sunday | I92: =IF(B92=C92,"Yes","No") -> No | J92: =IF(AND(C92<>"",C92-B92<=2),1,0) -> 0 | K92: =IF(AND(C92<>"",C92-B92>30),1,0) -> 1 | L92: =IF(C92="","",C92-B92) -> 52
A93: 154401329 | B93: 44815 | C93: 44849 | D93: Yes | E93: 39 | F93: month | G93: =IF(C93="","",C93-B93) -> 34 | H93: =TEXT(B93,"dddd") -> Sunday | I93: =IF(B93=C93,"Yes","No") -> No | J93: =IF(AND(C93<>"",C93-B93<=2),1,0) -> 0 | K93: =IF(AND(C93<>"",C93-B93>30),1,0) -> 1 | L93: =IF(C93="","",C93-B93) -> 34
A94: 155334828 | B94: 44815 | C94: 44845 | D94: Yes | E94: 39 | F94: month | G94: =IF(C94="","",C94-B94) -> 30 | H94: =TEXT(B94,"dddd") -> Sunday | I94: =IF(B94=C94,"Yes","No") -> No | J94: =IF(AND(C94<>"",C94-B94<=2),1,0) -> 0 | K94: =IF(AND(C94<>"",C94-B94>30),1,0) -> 0 | L94: =IF(C94="","",C94-B94) -> 30
... A110: 153577096 | B110: 44818 | C110: 44855 | D110: Yes | E110: 39 | F110: month | G110: =IF(C110="","",C110-B110) -> 37 | H110: =TEXT(B110,"dddd") -> Wednesday | I110: =IF(B110=C110,"Yes","No") -> No | J110: =IF(AND(C110<>"",C110-B110<=2),1,0) -> 0 | K110: =IF(AND(C110<>"",C110-B110>30),1,0) -> 1 | L110: =IF(C110="","",C110-B110) -> 37
A111: 154937101 | B111: 44819 | D111: Yes | E111: 39 | F111: month | G111: =IF(C111="","",C111-B111) | H111: =TEXT(B111,"dddd") -> Thursday | I111: =IF(B111=C111,"Yes","No") -> No | J111: =IF(AND(C111<>"",C111-B111<=2),1,0) -> 0 | K111: =IF(AND(C111<>"",C111-B111>30),1,0) -> 0 | L111: =IF(C111="","",C111-B111)
A112: 144968444 | B112: 44819 | C112: 44819 | D112: No | E112: 39 | F112: month | G112: =IF(C112="","",C112-B112) -> 0 | H112: =TEXT(B112,"dddd") -> Thursday | I112: =IF(B112=C112,"Yes","No") -> Yes | J112: =IF(AND(C112<>"",C112-B112<=2),1,0) -> 1 | K112: =IF(AND(C112<>"",C112-B112>30),1,0) -> 0 | L112: =IF(C112="","",C112-B112) -> 0
A113: 155270889 | B113: 44819 | C113: 44991 | D113: Yes | E113: 39 | F113: month | G113: =IF(C113="","",C113-B113) -> 172 | H113: =TEXT(B113,"dddd") -> Thursday | I113: =IF(B113=C113,"Yes","No") -> No | J113: =IF(AND(C113<>"",C113-B113<=2),1,0) -> 0 | K113: =IF(AND(C113<>"",C113-B113>30),1,0) -> 1 | L113: =IF(C113="","",C113-B113) -> 172
A114: 155601465 | B114: 44819 | C114: 45078 | D114: Yes | E114: 39 | F114: month | G114: =IF(C114="","",C114-B114) -> 259 | H114: =TEXT(B114,"dddd") -> Thursday | I114: =IF(B114=C114,"Yes","No") -> No | J114: =IF(AND(C114<>"",C114-B114<=2),1,0) -> 0 | K114: =IF(AND(C114<>"",C114-B114>30),1,0) -> 1 | L114: =IF(C114="","",C114-B114) -> 259
A115: 154045370 | B115: 44819 | C115: 44893 | D115: Yes | E115: 39 | F115: month | G115: =IF(C115="","",C115-B115) -> 74 | H115: =TEXT(B115,"dddd") -> Thursday | I115: =IF(B115=C115,"Yes","No") -> No | J115: =IF(AND(C115<>"",C115-B115<=2),1,0) -> 0 | K115: =IF(AND(C115<>"",C115-B115>30),1,0) -> 1 | L115: =IF(C115="","",C115-B115) -> 74
A116: 155612742 | B116: 44819 | C116: 44873 | D116: Yes | E116: 39 | F116: month | G116: =IF(C116="","",C116-B116) -> 54 | H116: =TEXT(B116,"dddd") -> Thursday | I116: =IF(B116=C116,"Yes","No") -> No | J116: =IF(AND(C116<>"",C116-B116<=2),1,0) -> 0 | K116: =IF(AND(C116<>"",C116-B116>30),1,0) -> 1 | L116: =IF(C116="","",C116-B116) -> 54
A117: 155621162 | B117: 44819 | C117: 44879 | D117: Yes | E117: 39 | F117: month | G117: =IF(C117="","",C117-B117) -> 60 | H117: =TEXT(B117,"dddd") -> Thursday | I117: =IF(B117=C117,"Yes","No") -> No | J117: =IF(AND(C117<>"",C117-B117<=2),1,0) -> 0 | K117: =IF(AND(C117<>"",C117-B117>30),1,0) -> 1 | L117: =IF(C117="","",C117-B117) -> 60
A118: 154904040 | B118: 44819 | C118: 44856 | D118: Yes | E118: 39 | F118: month | G118: =IF(C118="","",C118-B118) -> 37 | H118: =TEXT(B118,"dddd") -> Thursday | I118: =IF(B118=C118,"Yes","No") -> No | J118: =IF(AND(C118<>"",C118-B118<=2),1,0) -> 0 | K118: =IF(AND(C118<>"",C118-B118>30),1,0) -> 1 | L118: =IF(C118="","",C118-B118) -> 37
A119: 150810434 | B119: 44819 | C119: 44846 | D119: Yes | E119: 39 | F119: month | G119: =IF(C119="","",C119-B119) -> 27 | H119: =TEXT(B119,"dddd") -> Thursday | I119: =IF(B119=C119,"Yes","No") -> No | J119: =IF(AND(C119<>"",C119-B119<=2),1,0) -> 0 | K119: =IF(AND(C119<>"",C119-B119>30),1,0) -> 0 | L119: =IF(C119="","",C119-B119) -> 27
A120: 150825802 | B120: 44819 | C120: 44847 | D120: Yes | E120: 39 | F120: month | G120: =IF(C120="","",C120-B120) -> 28 | H120: =TEXT(B120,"dddd") -> Thursday | I120: =IF(B120=C120,"Yes","No") -> No | J120: =IF(AND(C120<>"",C120-B120<=2),1,0) -> 0 | K120: =IF(AND(C120<>"",C120-B120>30),1,0) -> 0 | L120: =IF(C120="","",C120-B120) -> 28
A121: 151907203 | B121: 44819 | C121: 44845 | D121: Yes | E121: 39 | F121: month | G121: =IF(C121="","",C121-B121) -> 26 | H121: =TEXT(B121,"dddd") -> Thursday | I121: =IF(B121=C121,"Yes","No") -> No | J121: =IF(AND(C121<>"",C121-B121<=2),1,0) -> 0 | K121: =IF(AND(C121<>"",C121-B121>30),1,0) -> 0 | L121: =IF(C121="","",C121-B121) -> 26
A122: 149595273 | B122: 44819 | C122: 44833 | D122: Yes | E122: 39 | F122: month | G122: =IF(C122="","",C122-B122) -> 14 | H122: =TEXT(B122,"dddd") -> Thursday | I122: =IF(B122=C122,"Yes","No") -> No | J122: =IF(AND(C122<>"",C122-B122<=2),1,0) -> 0 | K122: =IF(AND(C122<>"",C122-B122>30),1,0) -> 0 | L122: =IF(C122="","",C122-B122) -> 14
A123: 155596960 | B123: 44819 | C123: 44827 | D123: Yes | E123: 39 | F123: month | G123: =IF(C123="","",C123-B123) -> 8 | H123: =TEXT(B123,"dddd") -> Thursday | I123: =IF(B123=C123,"Yes","No") -> No | J123: =IF(AND(C123<>"",C123-B123<=2),1,0) -> 0 | K123: =IF(AND(C123<>"",C123-B123>30),1,0) -> 0 | L123: =IF(C123="","",C123-B123) -> 8
...

Sheet Data Analysis Tasks
A1: Data Analysis Tasks:
A3: 1. Calculate the total number of subscriptions and cancellations.
C5: subscriptions | D5: =COUNT('Subscription Cohort Data'!$B$2:$B$3070) -> 3069
C6: cancellations | D6: =COUNT('Subscription Cohort Data'!C2:C3070) -> 2004
A8: 2. Determine the percentage of paid vs. unpaid subscriptions.
C10: paid | D10: =COUNTIF('Subscription Cohort Data'!$D$2:$D$3070,"yes") -> 2936 | E10: =D10/D5 -> 0.95666341
C11: unpaid | D11: =COUNTIF('Subscription Cohort Data'!$D$2:$D$3070,"no") -> 133 | E11: =D11/D5 -> 0.043336592 | H11: Row Labels | I11: Count of was_subscription_paid
H12: No | I12: 0.043336592
A13: 3. Analyze the average subscription duration before cancellation. | H13: Yes | I13: 0.95666341
H14: Grand Total | I14: 1
C15: average | D15: =AVERAGE('Subscription Cohort Data'!G2:G3070) -> 58.374251
A17: 4. Identify the date with the highest number of new subscriptions.
C19: ='Subscription Cohort Data'!J2 -> 44879
A21: 5. Find the proportion of subscriptions that were canceled within one day.
B23: subscription canceled in 1 days are | E23: =COUNTIFS(Table1[same_day_cancel],"Yes") -> 108 | F23: =E23/E24 -> 0.053892216
B24: total sus. Cancled | E24: =D6 -> 2004

Sheet Visualization & Reporting
A1: Visualization & Reporting:
M3: KPI Use
A5: 1. Create a bar chart showing the number of new subscriptions per month for year 2022.
N6: Row Labels | O6: Count of created_date
B7: Row Labels | C7: Count of created_date | N7: Sunday | O7: 306
B8: Dec | C8: 230 | N8: Monday | O8: 539
B9: Nov | C9: 189 | N9: Tuesday | O9: 487
B10: Oct | C10: 196 | N10: Wednesday | O10: 472
B11: Sep | C11: 283 | N11: Thursday | O11: 505
B12: Aug | C12: 268 | N12: Friday | O12: 452
B13: Jul | C13: 306 | N13: Saturday | O13: 308
B14: Jun | C14: 275 | N14: Grand Total | O14: 3069
B15: May | C15: 285
B16: Apr | C16: 223
B17: Mar | C17: 266
B18: Feb | C18: 275
B19: Jan | C19: 273
B20: Grand Total | C20: 3069
N21: Row Labels | O21: Count of created_date
N22: 2022 | O22: 832
N23: 2023 | O23: 2237
A24: 2. Generate a pie chart displaying the percentage of paid vs. unpaid subscriptions. | N24: Grand Total | O24: 3069
B28: Row Labels | C28: Count of was_subscription_paid
B29: Unpaid | C29: 0.043336592
B30: Paid | C30: 0.95666341
B31: Grand Total | C31: 1
A40: 3. Plot a line graph of subscription cancellations over time.
B42: Row Labels | C42: Count of canceled_date
B43: 2022 | C43: 346
B44: 2023 | C44: 1658
B45: Grand Total | C45: 2004

Sheet Requirements
A32: Expected Dashboard

Sheet DashBoard
B5: =GETPIVOTDATA("created_date",'Visualization & Reporting'!$N$21) -> 3069 | F5: =GETPIVOTDATA("canceled_date",'Visualization & Reporting'!$B$42) -> 2004 | J5: =GETPIVOTDATA("was_subscription_paid",'Visualization & Reporting'!$B$28,"was_subscription_paid","Paid") -> 0.95666341 | M5: =GETPIVOTDATA("was_subscription_paid",'Visualization & Reporting'!$B$28,"was_subscription_paid","Unpaid") -> 0.043336592
